Actual,Predicted
Positive,Positive
Negative,Negative
Positive,Positive
Positive,Positive
Positive,Positive
Neutral,Positive
Positive,Positive
Negative,Negative
Neutral,Negative
Positive,Positive
Negative,Negative
Negative,Positive
Positive,Negative
Positive,Positive
Positive,Positive
Positive,Positive
Positive,Positive
Positive,Positive
Positive,Positive
Positive,Positive
Positive,Positive
Negative,Negative
Negative,Negative
Negative,Negative
Positive,Negative
Positive,Negative
Negative,Negative
Neutral,Positive
Positive,Positive
Negative,Negative
Neutral,Negative
Negative,Negative
Positive,Positive
Positive,Positive
Positive,Positive
Positive,Positive
Positive,Positive
Positive,Positive
Positive,Positive
Neutral,Positive
Negative,Positive
Positive,Positive
Positive,Positive
Negative,Negative
Positive,Positive
Positive,Positive
Positive,Positive
Positive,Positive
Positive,Positive
Negative,Positive
Positive,Positive
Neutral,Positive
Neutral,Positive
Positive,Negative
Positive,Positive
Positive,Positive
Positive,Positive
Negative,Positive
Positive,Positive
Positive,Positive
Positive,Positive
Positive,Positive
Positive,Positive
Neutral,Neutral
Positive,Positive
Neutral,Negative
Positive,Positive
Positive,Negative
Neutral,Neutral
Positive,Positive
Positive,Positive
Positive,Positive
Neutral,Neutral
Negative,Negative
Positive,Positive
Positive,Positive
Negative,Negative
Positive,Positive
Negative,Negative
Negative,Positive
Positive,Positive
Negative,Negative
Positive,Positive
Positive,Positive
Positive,Positive
Negative,Negative
Negative,Negative
Positive,Positive
Neutral,Positive
Neutral,Positive
Positive,Positive
Negative,Positive
Positive,Positive
Positive,Positive
Positive,Positive
Positive,Positive
Positive,Positive
Positive,Negative
Negative,Negative
Negative,Negative
Negative,Negative
Positive,Positive
Negative,Negative
Positive,Positive
Neutral,Positive
Positive,Positive
Negative,Negative
Positive,Positive
Positive,Positive
Positive,Positive
Positive,Positive
Positive,Positive
Positive,Negative
Negative,Negative
Positive,Positive
Positive,Negative
Negative,Positive
Positive,Positive
Positive,Positive
Positive,Positive
Positive,Positive
Neutral,Positive
Neutral,Positive
Positive,Positive
Negative,Negative
Positive,Positive
Negative,Negative
Negative,Positive
Negative,Negative
Negative,Negative
Positive,Positive
Positive,Positive
Negative,Negative
Neutral,Positive
Positive,Positive
Negative,Positive
Positive,Positive
Negative,Positive
Negative,Negative
Positive,Positive
Positive,Positive
Positive,Positive
